Loss,Accuracy,Training Time
3.6161692142486572,0.4144144058227539,446.5777485370636
