Loss,Accuracy,Training Time
1.235540509223938,0.6096096038818359,385.2569332122803
