Loss,Accuracy,Training Time
2.0805611610412598,0.11611611396074295,355.21981048583984
