Loss,Accuracy,Training Time
1.8900411128997803,0.424424409866333,346.0025010108948
