Loss,Accuracy,Training Time
5.414294242858887,0.282282292842865,267.6318726539612
