Loss,Accuracy,Training Time
2.265211820602417,0.11811811476945877,286.06596422195435
