Loss,Accuracy,Training Time
0.984045147895813,0.8548185229301453,79.82164120674133
