Loss,Accuracy,Training Time
0.9956825375556946,0.673341691493988,74.67037653923035
