Loss,Accuracy,Training Time
1.038652777671814,0.8047559261322021,35.59888434410095
