Loss,Accuracy,Training Time
1.204256534576416,0.6756756901741028,31.71112561225891
