Loss,Accuracy,Training Time
1.4360859394073486,0.6266266107559204,42.25147271156311
