Loss,Accuracy,Training Time
1.119225025177002,0.7997496724128723,38.58627891540527
