Loss,Accuracy,Training Time
1.029414415359497,0.6908635497093201,15.769765615463257
